# frame_index,fixed_aperture_intensity,tracking_aperture_intensity,raw_centroid_intensity
0,1194.455200,1197.173462,1194.267090
1,1189.044434,1190.402100,1188.219849
2,1196.016724,1194.381348,1192.484497
3,1194.053955,1195.045776,1193.333496
4,1198.217407,1202.451172,1199.443726
5,1186.289185,1187.466919,1185.560547
6,1183.631104,1185.425659,1183.357788
7,1192.128906,1195.786255,1193.972412
8,1196.194824,1200.509277,1197.477905
9,1190.318970,1194.322021,1189.655396
10,1194.745483,1199.261108,1196.075684
11,1197.342285,1202.007935,1198.036133
12,1190.500732,1186.769897,1186.649536
13,1195.074341,1194.276489,1193.876831
14,1194.888916,1190.320435,1188.880615
15,1192.000732,1188.745850,1186.837280
16,1188.947876,1182.961792,1182.008179
17,1200.468994,1195.196045,1194.145508
18,1204.058228,1201.271729,1199.029663
19,1205.553223,1202.034790,1198.033203
20,1201.233032,1194.897583,1193.368774
21,1198.393677,1193.785278,1193.382446
22,1201.544800,1194.886353,1195.107300
23,1199.966187,1192.541138,1192.005981
24,1199.263306,1192.846558,1193.291504
25,1194.604858,1188.224121,1188.280762
26,1188.757446,1184.150024,1183.726685
27,1201.325562,1199.894775,1196.065796
28,1214.615479,1217.714111,1215.564941
29,1209.301147,1208.716919,1205.120117
30,1201.402100,1207.336670,1201.058472
31,1212.556396,1218.678711,1212.141235
32,1206.808105,1210.000000,1206.145508
33,1200.657349,1205.396240,1203.047607
34,1198.260010,1201.424805,1201.936646
35,1192.497437,1190.985229,1190.468506
36,1192.182495,1193.438843,1191.915039
37,1191.733032,1190.565918,1193.227905
38,1195.095093,1192.460938,1196.904907
39,1202.459229,1200.331909,1201.623779
40,1199.534912,1198.245239,1199.056519
41,1193.738525,1195.502686,1194.919922
42,1184.320068,1182.998413,1186.167114
43,1199.669312,1195.729126,1197.547852
44,1182.475586,1179.610596,1181.139648
45,1165.810669,1162.877686,1166.952881
46,1174.624878,1171.123413,1172.661865
47,1173.325562,1170.277588,1171.896484
48,1165.588867,1158.247559,1161.725586
49,1162.385986,1154.032471,1158.609131
50,1162.205078,1158.094727,1160.787842
51,1156.224365,1149.114014,1151.303101
52,1158.850708,1152.221680,1152.732910
53,1162.144897,1152.752686,1154.140625
54,1167.193726,1156.085327,1158.265503
55,1173.942505,1164.194946,1168.036865
56,1179.745117,1171.194580,1173.108276
57,1186.652222,1174.860962,1176.492554
58,1192.989380,1194.714111,1192.954224
59,1192.538940,1190.497559,1191.264160
60,1189.577881,1189.170288,1187.046387
61,1183.247681,1181.706909,1182.061157
62,1182.283325,1177.976196,1180.057983
63,1189.858643,1188.857422,1186.688599
64,1189.517090,1187.270508,1187.094604
65,1178.602295,1176.666260,1178.710938
66,1179.596191,1176.971924,1179.036499
67,1189.659912,1186.015381,1187.109009
68,1184.215942,1184.512207,1184.153076
69,1182.383789,1183.231567,1185.008789
70,1184.627441,1187.261597,1186.557373
71,1180.337891,1182.957764,1183.483032
72,1179.013794,1179.540771,1181.374634
73,1185.302246,1183.257324,1187.668579
74,1190.995972,1187.463623,1191.704712
75,1184.231567,1181.183594,1184.993652
76,1182.095093,1181.874390,1183.138672
77,1196.023682,1196.915771,1196.916016
78,1206.964722,1208.935791,1206.936035
79,1202.776367,1208.365723,1205.584595
80,1215.088501,1220.539673,1216.370850
81,1214.345581,1219.792847,1216.733154
82,1212.971924,1214.149536,1214.599365
83,1224.298584,1227.789185,1225.647461
84,1222.581177,1225.286743,1219.712280
85,1211.396973,1207.875854,1211.369751
86,1209.320435,1207.675659,1208.057251
87,1216.786621,1216.128540,1215.186035
88,1213.881958,1213.523315,1213.600952
89,1213.285156,1212.371460,1212.653076
90,1211.384888,1209.841064,1211.473877
91,1209.312500,1209.983032,1210.004639
92,1205.250488,1206.173218,1204.855957
93,1209.782593,1210.069336,1210.542969
94,1213.019287,1214.469482,1213.216431
95,1204.348877,1203.914307,1202.747314
96,1204.804443,1205.837769,1205.624390
97,1205.821899,1204.361572,1206.291626
98,1209.192627,1206.957031,1208.735352
99,1214.269897,1210.263428,1214.211426
100,1216.738159,1214.407593,1218.612671
101,1211.904175,1212.690308,1212.214600
102,1223.931885,1225.726562,1226.291626
103,1229.797119,1236.062622,1233.392456
104,1232.552124,1235.965454,1233.439087
105,1229.911133,1235.382324,1233.327515
106,1229.572144,1232.879150,1231.922729
107,1235.004395,1237.138184,1236.533813
108,1239.128906,1242.080078,1241.411255
109,1235.902344,1240.869507,1237.555542
110,1231.391846,1234.337402,1232.503052
111,1229.586304,1229.772461,1229.406860
112,1229.662476,1230.565186,1229.066772
113,1238.806274,1238.655518,1234.858276
114,1235.722168,1233.910645,1232.437378
115,1232.761475,1225.541870,1226.446289
116,1226.837158,1219.210571,1220.078979
117,1224.407471,1219.044556,1219.951904
118,1223.022217,1219.635376,1218.655640
119,1213.705444,1203.422241,1206.124512
120,1206.568848,1195.955933,1198.188354
121,1195.644165,1190.169067,1189.546875
122,1195.401367,1192.237427,1191.608154
123,1199.343384,1199.795044,1195.528076
124,1196.891846,1197.419067,1193.234253
125,1192.995239,1196.300415,1191.585693
126,1192.529541,1197.296143,1191.510132
127,1188.595093,1193.199097,1189.985474
128,1187.640625,1190.559448,1188.208618
129,1178.695923,1180.767090,1179.801025
130,1165.939575,1163.664307,1165.063354
131,1160.780396,1157.663086,1158.248047
132,1164.885254,1161.461792,1161.462280
133,1173.234131,1169.320312,1169.262451
134,1179.942871,1176.661377,1175.511719
135,1180.120850,1172.505859,1173.052490
136,1183.952271,1178.092651,1175.884766
137,1185.998901,1184.558105,1183.077393
138,1198.135498,1193.851562,1189.847900
139,1203.071045,1203.092896,1199.968140
140,1201.841919,1206.696899,1201.824097
141,1202.031372,1205.272461,1201.786987
142,1202.528809,1204.488281,1201.698608
143,1206.512329,1204.027588,1204.556763
144,1193.014160,1189.028564,1191.731689
145,1188.899902,1182.565918,1187.254028
146,1176.891846,1170.482422,1174.682861
147,1179.739990,1173.489136,1177.134766
148,1177.903076,1171.876953,1176.866943
149,1175.164185,1172.611328,1174.781860
150,1168.219238,1162.889771,1165.441772
151,1160.378052,1154.113037,1159.238770
152,1165.614746,1160.795898,1164.294312
153,1167.004395,1159.377197,1162.814209
154,1162.607056,1154.773560,1159.126953
155,1165.959229,1159.359863,1164.933594
156,1162.854370,1159.218628,1164.289307
157,1172.222900,1172.630615,1172.866821
158,1175.923218,1176.937134,1177.055786
159,1175.569946,1176.992065,1178.441162
160,1176.742554,1179.496338,1181.104614
161,1177.919189,1181.581909,1180.405518
162,1179.493408,1180.631958,1183.562378
163,1186.019287,1187.379272,1188.996094
164,1183.489746,1182.107910,1183.651001
165,1180.537109,1176.586548,1179.801880
166,1171.691162,1162.395630,1167.506958
167,1173.952637,1165.380859,1171.502686
168,1178.114014,1169.444214,1176.634888
169,1174.813232,1167.336670,1173.650024
170,1174.006226,1169.139038,1174.340088
171,1170.128906,1168.811768,1173.069946
172,1177.497803,1178.138428,1181.161011
173,1176.511230,1173.431763,1180.864502
174,1177.797119,1175.970825,1181.850098
175,1171.354736,1168.979370,1177.764282
176,1171.664917,1167.343018,1177.413574
177,1178.547729,1174.337769,1181.860229
178,1189.793213,1185.569580,1190.007812
179,1192.763306,1191.714966,1194.466431
180,1191.073242,1190.027588,1190.015869
181,1193.215576,1193.490234,1191.227783
182,1194.660645,1194.533081,1193.513794
183,1203.020386,1206.703125,1204.320312
184,1195.071045,1201.022827,1196.057739
185,1199.284058,1203.827515,1200.027588
186,1191.903442,1197.270996,1193.851196
187,1188.002197,1190.541260,1190.747559
188,1189.055298,1193.469238,1191.899170
189,1190.524048,1196.658936,1194.296021
190,1186.378052,1189.277466,1189.551514
191,1180.916626,1183.622437,1185.111816
192,1186.165649,1188.861206,1191.230347
193,1193.632935,1195.439575,1194.790161
194,1186.839355,1187.241455,1187.403320
195,1187.522949,1182.817383,1186.274902
196,1186.895874,1181.972412,1184.097778
197,1186.470093,1181.879272,1184.078857
198,1192.932617,1188.068848,1189.268066
199,1191.266235,1184.279297,1187.570190
200,1186.060791,1178.666992,1183.851196
201,1182.597290,1179.194336,1180.110352
202,1186.531006,1183.624023,1183.119873
203,1190.436646,1186.685913,1185.755859
204,1194.049927,1185.563599,1187.764648
205,1191.852539,1188.227295,1186.976562
206,1185.412964,1182.097656,1181.479004
207,1187.674072,1180.063232,1180.015503
208,1191.614746,1190.508423,1187.606567
209,1198.762207,1196.001587,1194.301392
210,1194.492310,1194.278809,1192.343018
211,1197.524048,1198.907104,1195.681519
212,1200.794556,1201.912476,1197.450073
213,1200.628906,1206.218872,1198.732178
214,1201.416992,1204.957031,1198.487671
215,1199.680298,1203.526733,1199.142822
216,1188.801880,1192.291992,1190.450195
217,1190.298584,1195.340820,1189.555420
218,1190.102295,1191.861206,1188.662964
219,1187.474121,1187.587769,1185.443481
220,1182.307373,1183.855103,1182.500366
221,1183.190430,1181.627563,1179.843994
222,1182.106689,1182.543579,1182.809082
223,1190.452271,1190.384521,1190.380859
224,1190.484741,1191.686157,1191.677002
225,1185.559326,1185.387329,1185.951172
226,1178.238892,1177.046143,1178.399048
227,1176.964355,1175.922485,1176.949097
228,1179.413330,1176.587402,1180.176025
229,1176.142334,1171.753418,1175.619629
230,1176.698853,1171.953247,1178.115479
231,1170.404175,1164.176514,1172.382812
232,1181.224731,1171.866211,1178.477783
233,1190.612183,1185.992554,1189.542480
234,1200.612915,1195.010620,1200.563477
235,1200.293213,1195.077026,1199.394165
236,1204.914429,1201.333740,1205.187744
237,1206.719971,1202.134521,1205.575195
238,1212.280762,1206.075806,1210.702271
239,1220.470093,1210.303223,1213.487671
240,1207.988037,1193.024414,1196.677979
241,1208.381226,1191.173584,1197.880127
242,1204.466919,1187.336548,1192.669678
243,1207.910034,1188.036133,1193.593384
244,1204.040771,1192.597168,1196.951172
245,1204.354736,1196.284180,1197.561401
246,1193.816040,1183.571777,1184.986938
247,1195.967529,1190.965088,1192.959473
248,1195.028809,1193.510864,1194.013794
249,1191.340820,1185.562378,1188.528320
250,1179.950073,1174.169800,1177.070801
251,1172.243286,1170.918945,1171.819946
252,1168.737793,1169.608032,1170.970581
253,1164.064819,1166.100830,1167.060547
254,1155.104858,1156.066406,1157.869263
255,1145.703979,1142.255859,1146.793945
256,1138.553955,1132.105835,1138.746948
257,1140.227295,1130.316772,1138.447266
258,1144.439575,1135.839233,1140.183716
259,1157.718872,1155.122559,1158.224365
260,1149.965820,1144.530762,1148.070312
261,1152.588135,1150.109863,1151.803589
262,1154.875854,1152.301636,1152.896973
263,1161.628174,1161.274658,1164.599976
264,1170.187134,1171.429688,1170.796753
265,1165.414795,1163.582275,1164.791748
266,1161.793823,1161.736694,1160.200317
267,1159.251221,1158.383179,1159.315308
268,1169.272339,1166.984009,1165.085327
269,1172.195923,1172.453613,1170.643066
270,1168.486938,1168.691772,1167.580933
271,1167.379150,1166.229980,1166.404053
272,1169.257812,1166.703125,1168.404907
273,1174.706543,1171.224121,1171.635620
274,1172.118408,1171.051025,1171.078857
275,1172.593262,1171.309082,1171.127808
276,1165.307739,1164.953003,1165.122070
277,1164.240723,1161.194214,1163.161011
278,1168.669678,1166.465942,1168.753540
279,1158.808472,1157.468384,1160.222656
280,1153.507324,1151.237793,1154.700439
281,1150.723633,1148.797485,1151.748535
282,1155.846680,1152.720825,1156.074097
283,1163.000366,1162.282593,1165.282959
284,1167.794556,1165.970215,1169.838989
285,1166.689331,1167.089600,1170.087646
286,1168.421753,1163.056885,1167.178467
287,1175.616943,1172.466553,1173.055176
288,1182.481079,1183.639038,1183.298706
289,1182.926392,1177.540527,1182.149292
290,1177.666382,1177.562012,1178.265625
291,1177.155151,1174.747070,1176.214111
292,1177.747314,1176.095459,1179.105103
293,1179.923584,1178.407715,1180.774658
294,1184.558960,1183.678589,1184.099609
295,1182.516724,1181.999512,1183.032227
296,1186.485474,1187.801270,1187.764893
297,1188.718506,1191.376465,1187.361328
298,1185.411865,1187.877930,1186.072388
299,1185.103027,1186.183838,1183.178345
300,1183.695190,1181.087280,1182.874512
301,1179.121582,1182.044067,1179.653076
302,1181.188232,1179.686279,1180.459961
303,1185.031738,1182.119995,1184.997192
304,1190.242920,1189.506836,1190.693970
305,1187.265503,1189.013184,1187.036011
306,1180.455566,1184.202515,1182.583740
307,1186.443237,1190.966675,1189.084717
308,1194.051758,1201.288940,1197.212524
309,1193.473022,1199.157349,1197.415527
310,1192.805176,1197.653564,1195.617554
311,1192.993774,1196.439697,1193.975220
312,1192.465820,1197.603271,1192.813599
313,1197.041870,1200.765137,1199.701660
314,1197.499634,1201.277954,1198.200806
315,1194.619141,1191.756348,1191.651611
316,1190.107056,1186.963989,1186.552856
317,1192.705078,1187.147095,1186.291748
318,1200.683594,1199.385620,1196.807251
319,1201.318604,1198.210327,1195.877197
320,1189.428223,1187.578003,1184.712646
321,1185.251221,1183.967041,1182.945190
322,1187.164917,1183.761230,1183.662109
323,1181.714478,1181.684692,1181.125732
324,1184.967896,1180.322144,1183.856201
325,1179.858398,1171.595703,1175.702271
326,1173.225464,1166.625488,1169.888184
327,1172.853271,1162.053589,1167.609375
328,1182.038574,1173.068359,1177.156982
329,1189.150024,1181.450195,1185.073242
330,1185.389648,1181.800415,1184.055908
331,1186.495605,1183.310425,1183.870239
332,1190.151489,1190.631714,1188.740601
333,1196.494507,1199.045654,1198.434082
334,1200.644897,1200.927368,1200.739014
335,1199.853271,1203.112427,1200.831299
336,1198.161743,1199.890503,1197.942261
337,1201.893677,1200.494995,1198.921387
338,1204.723999,1206.745483,1203.509155
339,1206.769531,1207.928467,1205.327271
340,1209.667480,1207.479614,1207.802856
341,1212.808838,1209.672363,1209.221802
342,1212.688232,1208.952271,1207.107910
343,1213.599731,1202.518066,1205.868286
344,1214.540405,1205.777832,1207.371704
345,1217.799316,1211.601196,1211.127075
346,1207.425659,1204.504517,1200.945312
347,1213.162476,1209.227905,1208.031128
348,1208.881958,1209.485352,1205.171143
349,1210.589600,1213.725098,1208.921021
350,1202.344482,1202.141235,1199.946899
351,1195.333618,1194.381470,1193.357788
352,1195.159180,1195.532471,1193.929443
353,1192.332520,1191.223755,1191.286499
354,1193.783691,1193.392212,1194.666016
355,1189.718140,1193.391357,1191.329712
356,1184.862671,1184.463257,1185.794922
357,1183.480347,1181.360718,1183.837769
358,1190.605591,1187.553589,1189.607666
359,1192.924194,1191.662964,1191.907104
360,1188.003296,1187.885498,1186.405762
361,1188.456299,1187.331055,1189.184448
362,1193.761108,1195.682129,1194.186768
363,1194.481812,1194.221191,1193.945923
364,1195.115479,1194.896973,1192.377197
365,1190.591797,1189.997314,1188.864258
366,1184.949341,1182.570923,1183.214478
367,1188.809570,1187.838379,1187.802490
368,1188.000732,1190.377441,1189.231689
369,1193.676270,1197.437622,1193.517334
370,1187.058594,1191.785278,1187.818604
371,1181.937378,1183.012207,1180.464478
372,1180.434448,1179.795288,1177.944946
373,1188.237061,1186.423096,1187.040527
374,1185.525879,1176.959106,1180.297363
375,1183.569214,1180.525513,1179.828369
376,1180.033081,1171.396606,1172.508545
377,1179.982910,1172.788818,1173.632690
378,1183.424927,1174.182373,1176.735107
379,1192.712280,1187.606201,1186.659790
380,1187.299683,1180.966064,1180.228760
381,1184.615112,1180.239868,1180.358398
382,1182.659546,1179.716553,1178.266724
383,1188.333984,1184.779419,1183.557251
384,1189.185669,1183.511475,1184.600098
385,1183.097290,1178.062500,1180.498779
386,1175.332153,1169.456665,1170.674072
387,1166.171509,1158.379761,1162.316528
388,1173.072144,1168.968262,1173.321045
389,1169.217041,1164.062622,1168.245728
390,1167.164917,1163.404419,1162.366821
391,1156.901367,1152.963013,1155.484863
392,1153.793457,1151.710083,1151.998901
393,1157.801147,1154.254761,1153.990112
394,1161.190796,1155.438965,1156.107544
395,1154.381958,1148.109863,1151.090332
396,1154.404175,1148.681885,1150.775269
397,1159.408569,1157.539917,1156.809448
398,1168.623047,1161.134033,1165.535034
399,1175.765503,1169.743896,1173.119629
400,1186.135498,1180.642944,1182.095703
401,1181.949707,1174.127197,1176.697632
402,1187.114380,1180.218628,1181.240234
403,1192.382324,1188.094360,1187.363281
404,1197.186035,1197.660889,1196.500000
405,1194.411865,1188.136230,1190.512573
406,1189.612549,1187.691650,1187.483887
407,1185.983276,1182.351807,1184.365601
408,1180.674438,1175.389893,1177.768921
409,1177.073975,1170.173584,1175.918213
410,1176.372192,1170.593872,1174.706299
411,1163.210815,1155.848755,1159.646240
412,1161.350342,1153.170776,1158.640747
413,1178.705444,1165.746704,1171.980957
414,1181.756714,1179.007446,1182.736206
415,1183.390747,1173.038696,1177.291382
416,1183.441772,1178.204956,1182.025757
417,1186.329590,1185.617554,1185.614014
418,1189.321899,1187.969238,1188.122437
419,1190.796387,1188.098267,1189.294678
420,1183.063721,1179.220215,1183.242188
421,1177.121948,1170.849976,1176.678223
422,1175.468994,1173.591187,1179.282593
423,1188.683960,1192.266479,1194.126831
424,1185.481079,1189.748047,1194.024048
425,1190.255249,1193.309448,1197.784424
426,1194.525879,1196.196655,1198.177246
427,1186.480347,1191.864136,1191.717407
428,1201.064453,1204.083008,1205.709473
429,1203.135498,1203.328735,1205.033569
430,1200.134399,1201.755005,1202.909790
431,1198.222900,1198.326538,1198.618042
432,1203.201416,1204.388916,1203.684814
433,1205.669678,1211.474243,1206.882446
434,1204.032471,1209.052490,1205.034302
435,1196.397705,1200.765625,1197.899536
436,1189.503296,1191.654419,1190.487793
437,1192.784790,1194.084229,1191.539307
438,1197.234863,1196.430420,1195.709839
439,1206.744751,1206.716187,1204.939087
440,1204.634399,1203.097534,1200.813110
441,1198.461426,1200.311890,1195.485107
442,1200.001465,1198.763062,1195.686523
443,1205.724731,1203.059326,1199.347900
444,1209.066650,1207.229614,1203.911011
445,1206.263672,1205.792114,1204.465210
446,1209.605591,1209.939697,1205.531860
447,1204.430786,1206.669312,1201.841553
448,1207.585938,1209.014282,1206.650757
449,1200.161743,1203.143555,1202.063965
450,1195.902710,1202.412476,1198.490479
451,1181.112549,1180.010010,1181.115601
452,1178.386719,1179.169067,1177.863159
453,1177.954468,1179.146118,1179.710449
454,1180.520020,1180.474976,1179.883057
455,1180.766602,1177.137939,1177.306641
456,1181.676636,1179.074707,1176.953735
457,1182.898071,1180.447510,1178.858521
458,1191.247314,1186.785156,1184.166870
459,1201.422852,1198.816772,1194.360596
460,1211.852539,1208.813843,1202.982666
461,1206.992676,1201.057739,1196.897705
462,1208.215942,1202.063232,1199.474731
463,1207.850342,1202.417480,1197.800659
464,1208.003296,1211.022827,1207.570557
465,1201.826294,1200.532104,1195.011719
466,1197.717407,1198.123047,1195.687744
467,1198.296387,1200.435547,1196.138306
468,1201.328491,1199.639160,1195.542114
469,1209.181030,1207.792847,1206.307861
470,1205.078247,1208.506958,1202.595215
471,1201.534912,1201.901855,1198.856201
472,1196.485107,1195.629150,1194.499878
473,1199.273071,1197.829590,1195.889893
474,1194.128906,1189.080078,1190.922241
475,1196.369995,1191.616577,1189.869019
476,1195.498169,1188.745239,1189.171265
477,1192.788086,1188.678711,1189.235229
478,1196.861938,1195.063721,1192.003906
479,1203.312500,1202.795654,1198.651123
480,1202.359741,1197.053467,1195.520752
481,1195.840088,1194.844482,1191.104858
482,1194.808105,1191.810547,1190.290894
483,1192.249146,1192.232666,1189.741333
484,1197.169312,1196.812622,1196.403442
485,1196.040771,1197.029541,1195.153442
486,1192.449341,1191.180664,1189.847046
487,1191.553223,1189.500000,1187.376953
488,1196.895142,1190.944946,1192.534912
489,1202.565186,1196.521240,1198.871338
490,1206.152588,1199.246216,1198.990112
491,1201.638794,1184.313354,1188.974487
492,1205.984741,1188.361328,1192.215820
493,1208.985107,1188.238525,1194.307861
494,1210.817505,1193.167603,1197.393921
495,1209.397705,1192.238037,1195.871826
496,1203.784424,1186.693726,1189.808350
497,1195.726929,1179.781250,1183.583862
498,1190.604126,1180.556641,1182.707397
499,1191.572510,1178.041870,1183.527222
500,1181.329224,1170.651611,1175.814453
501,1171.042969,1163.927856,1166.680176
502,1166.005859,1161.854004,1164.099365
503,1174.537842,1171.372070,1175.040894
504,1176.935181,1174.161133,1177.027222
505,1175.997437,1177.015991,1177.504761
506,1172.388916,1171.197388,1174.394531
507,1172.393311,1173.464966,1173.713501
508,1177.509888,1179.268311,1178.674316
509,1184.450073,1181.578979,1184.115356
510,1190.974121,1190.189331,1189.353271
511,1188.093628,1188.488037,1187.409790
512,1193.033447,1194.648804,1191.989014
513,1189.627441,1195.146362,1191.877197
514,1202.883057,1208.823608,1204.439697
515,1197.861572,1203.909668,1198.497192
516,1193.788452,1197.282593,1194.255005
517,1198.741821,1201.902954,1197.315674
518,1193.845215,1192.078491,1193.945923
519,1199.462158,1196.570557,1197.700684
520,1192.025146,1190.692505,1191.749512
521,1188.956665,1185.475586,1187.490967
522,1180.873291,1179.131592,1179.351929
523,1183.271362,1181.063721,1181.677856
524,1182.584473,1178.751709,1180.367310
525,1174.367798,1168.046143,1171.826538
526,1169.155884,1164.411865,1168.729004
527,1165.214111,1163.427856,1167.097656
528,1171.993408,1174.720581,1175.623657
529,1170.106689,1171.815430,1174.208862
530,1176.024048,1171.902588,1175.978760
531,1173.088867,1170.859375,1173.709961
532,1170.810303,1167.328735,1168.320923
533,1180.739990,1175.499512,1177.090088
534,1187.723633,1179.583496,1181.939819
535,1190.757080,1182.770020,1186.198486
536,1187.030273,1179.523804,1182.230591
537,1189.324463,1179.190674,1180.908691
538,1196.536743,1186.343872,1189.103394
539,1203.134766,1193.811157,1193.325928
540,1200.465088,1188.752930,1189.537964
541,1197.032471,1188.975586,1188.881104
542,1199.167847,1189.437256,1189.786743
543,1199.897705,1192.568604,1190.342773
544,1204.394409,1195.339844,1196.538696
545,1202.385254,1195.583740,1196.044922
546,1197.965088,1189.341797,1190.648193
547,1192.096558,1183.932617,1186.278076
548,1195.390747,1189.306152,1190.080322
549,1199.241821,1193.530518,1194.630615
550,1202.879150,1197.222046,1198.601562
551,1200.504761,1197.754150,1196.055908
552,1203.504761,1202.690552,1201.422852
553,1204.609985,1207.124756,1203.831909
554,1210.979248,1210.292358,1208.450806
555,1208.957764,1205.035645,1204.241943
556,1207.848511,1204.135742,1203.705933
557,1201.818604,1195.431274,1197.155884
558,1206.320435,1205.421875,1203.715820
559,1208.823364,1207.159058,1205.135864
560,1204.532715,1202.396606,1201.240479
561,1199.433716,1198.769653,1197.791138
562,1193.393311,1191.190063,1189.696533
563,1197.985107,1192.440063,1193.111816
564,1200.247314,1195.570068,1195.765625
565,1202.764038,1197.436646,1198.143555
566,1201.616211,1199.481445,1200.321655
567,1197.843750,1199.024902,1199.042114
568,1201.917358,1208.450073,1205.466797
569,1195.279663,1199.604370,1199.219727
570,1196.721436,1199.860962,1198.337769
571,1195.153320,1197.058838,1198.942993
572,1188.676636,1190.678345,1192.461670
573,1193.686768,1195.068970,1197.729370
574,1204.904907,1207.260498,1206.441895
575,1210.409668,1210.229614,1210.655273
576,1203.523315,1201.659058,1200.556274
577,1200.147461,1198.001587,1196.454102
578,1194.974487,1192.291748,1190.329956
579,1198.304077,1193.336304,1191.963135
580,1191.729736,1187.095215,1186.302124
581,1183.758179,1182.935913,1180.836060
582,1178.835083,1175.069092,1174.617432
583,1178.985107,1172.349976,1173.390259
584,1177.385254,1168.684204,1171.082031
585,1178.743286,1170.585815,1172.543335
586,1174.841919,1171.144775,1171.365723
587,1172.140259,1164.841431,1166.118164
588,1171.812866,1169.707275,1169.920410
589,1170.751587,1168.582520,1168.680664
590,1163.055298,1160.164429,1162.397827
591,1162.233032,1161.247192,1162.425903
592,1151.718872,1151.819214,1151.020142
593,1154.406372,1152.308105,1152.881104
594,1158.903809,1159.733032,1160.634033
595,1160.475220,1159.185181,1159.552979
596,1153.585205,1150.378784,1151.905518
597,1159.243652,1157.726196,1157.921997
598,1167.691895,1164.284668,1165.313110
599,1177.485474,1174.946411,1174.881470
600,1183.558228,1179.663818,1178.219482
601,1184.485474,1184.652588,1181.915405
602,1182.352173,1181.835205,1179.904175
603,1177.729736,1177.465332,1176.547974
604,1181.387451,1180.351440,1180.217407
605,1177.043701,1172.942017,1174.491455
606,1164.029907,1160.049683,1163.026855
607,1165.979248,1165.865845,1166.822144
608,1168.733398,1165.157104,1168.088867
609,1170.815308,1162.998901,1165.792114
610,1170.850342,1161.715088,1164.757690
611,1170.365601,1159.084717,1162.045532
612,1162.395874,1153.749634,1154.665894
613,1167.095825,1153.653442,1158.419067
614,1175.881226,1164.946533,1166.905640
615,1175.206177,1165.801636,1168.471680
616,1179.182495,1170.237061,1171.266113
617,1177.606689,1172.067749,1174.265503
618,1187.144897,1183.255005,1183.730591
619,1192.524414,1187.959717,1188.729370
620,1186.602295,1186.124146,1186.747681
621,1184.426758,1184.076416,1183.588745
622,1177.655518,1175.278564,1176.849243
623,1180.088135,1176.693481,1177.749756
624,1187.282227,1182.224121,1184.527222
625,1192.778564,1189.099976,1189.865112
626,1193.022583,1189.593872,1189.790161
627,1191.744751,1188.745117,1188.641846
628,1200.516724,1200.746094,1200.033936
629,1197.997803,1198.260132,1199.157959
630,1197.494507,1197.120728,1197.941406
631,1188.664551,1185.198242,1184.939087
632,1184.597900,1181.743286,1182.914673
633,1183.577515,1184.498657,1182.974854
634,1177.130005,1173.549438,1175.116089
635,1176.201050,1173.002686,1174.722900
636,1162.427856,1160.055664,1161.819946
637,1148.143066,1141.581909,1146.426392
638,1144.992676,1138.683838,1143.383911
639,1144.050659,1134.486450,1140.876953
640,1145.678833,1136.415771,1141.378906
641,1149.285889,1141.428833,1144.930542
642,1148.283325,1140.024292,1144.539551
643,1155.349243,1147.763550,1149.955811
644,1164.991577,1155.929565,1158.193481
645,1169.282593,1161.125122,1163.771118
646,1173.666016,1165.665039,1168.642822
647,1171.926758,1166.077637,1167.574585
648,1186.296021,1177.877075,1179.653564
649,1195.251221,1188.088745,1188.039673
650,1197.731201,1190.463379,1190.262573
651,1200.308105,1196.503662,1196.126343
652,1196.347778,1195.863281,1194.704712
653,1202.690796,1200.862061,1200.964722
654,1205.370361,1204.438477,1204.981567
655,1201.651489,1196.824463,1199.743774
656,1200.177002,1195.812256,1195.673584
657,1194.484009,1189.504517,1190.097534
658,1184.075073,1180.291016,1181.753662
659,1183.997437,1180.686890,1182.605469
660,1178.787720,1180.802734,1179.505493
661,1166.908569,1165.240479,1166.020142
662,1156.918091,1158.203979,1158.297729
663,1153.457031,1151.975586,1153.247314
664,1153.274902,1152.348877,1154.620361
665,1153.156616,1152.777832,1154.758545
666,1154.387817,1151.655640,1152.449341
667,1153.303345,1157.590698,1154.932373
668,1155.979248,1153.457275,1152.267456
669,1163.858398,1166.556885,1163.812256
670,1161.698120,1163.308594,1160.945435
671,1161.337891,1155.164429,1153.937622
672,1157.160645,1151.272217,1152.295166
673,1168.798218,1164.333130,1162.051270
674,1177.660278,1174.799927,1172.531860
675,1181.282593,1178.606445,1177.498169
676,1178.797119,1178.488403,1176.775635
677,1178.179565,1180.769043,1177.424072
678,1180.604858,1180.072266,1178.317139
679,1180.736328,1183.253662,1180.229614
680,1177.020752,1181.344482,1179.110107
681,1168.331055,1170.490723,1171.569946
682,1164.114746,1169.945557,1169.785645
683,1168.118042,1174.752075,1176.228027
684,1178.046631,1185.797485,1183.953247
685,1179.672974,1186.026001,1183.842285
686,1178.031372,1182.666016,1180.645386
687,1170.907837,1171.945923,1171.606934
688,1168.625244,1167.872803,1168.437866
689,1177.820068,1178.707520,1177.574341
690,1173.921753,1175.702637,1174.838745
691,1171.155151,1169.897705,1167.282349
692,1183.092163,1181.970947,1178.378296
693,1182.753052,1181.992065,1180.651123
694,1190.368164,1187.806519,1185.571289
695,1190.792847,1188.588623,1186.734619
696,1188.587769,1187.383179,1186.411865
697,1196.420654,1198.029663,1194.414307
698,1203.295288,1203.610596,1200.749878
699,1208.932617,1212.267822,1206.714844
700,1207.816040,1209.245850,1206.554932
701,1195.316040,1191.424683,1191.937500
702,1180.805176,1171.635010,1174.797607
703,1180.308105,1169.056763,1175.292969
704,1182.927490,1170.876953,1173.634521
705,1186.245117,1178.872314,1178.975952
706,1190.603760,1184.374146,1184.836304
707,1191.061890,1181.927856,1184.366089
708,1192.801514,1191.878174,1192.084717
709,1206.789551,1206.235840,1206.779907
710,1204.600464,1206.367798,1207.529663
711,1199.837891,1200.055176,1201.031860
712,1193.619507,1193.423950,1194.243774
713,1185.524048,1183.237305,1184.083984
714,1181.702515,1178.461914,1178.829102
715,1180.108521,1178.384888,1178.540039
716,1174.518921,1173.092163,1172.798584
717,1175.634033,1173.455933,1172.128540
718,1172.805908,1170.582397,1170.053101
719,1174.094360,1173.445923,1173.368530
720,1167.330688,1166.524902,1165.834717
721,1162.459961,1160.446777,1161.680298
722,1155.590698,1151.922974,1155.340088
723,1161.970459,1159.808350,1162.152710
724,1167.951538,1157.777466,1160.277222
725,1167.800781,1160.134521,1163.457397
726,1169.986206,1166.166992,1165.112183
727,1169.734131,1166.649292,1166.696289
728,1161.727661,1156.067261,1158.446045
729,1160.858398,1153.664673,1155.372925
730,1164.677368,1159.288452,1162.732422
731,1161.568848,1149.862671,1155.142456
732,1166.734863,1152.565552,1158.852905
733,1173.892944,1166.836304,1172.840454
734,1181.021851,1175.041382,1179.959961
735,1178.381592,1174.366943,1178.534546
736,1174.393677,1174.083252,1178.648438
737,1170.082275,1171.518555,1173.328735
738,1163.895508,1163.932617,1167.137085
739,1162.426025,1162.984619,1166.729004
740,1163.434448,1165.549805,1167.742554
741,1155.068115,1151.492310,1154.663208
742,1153.622314,1149.147461,1152.992920
743,1157.365601,1148.665649,1153.948242
744,1168.187500,1159.606812,1160.794678
745,1174.888916,1162.733154,1165.443115
746,1179.895508,1169.622314,1169.948364
747,1176.634399,1170.362793,1170.410400
748,1184.334351,1175.199097,1178.805298
749,1194.584106,1186.081177,1187.270386
750,1199.488037,1193.493652,1192.912231
751,1198.830688,1197.972900,1195.864624
752,1205.907837,1201.183472,1199.705566
753,1204.620117,1204.599976,1201.426025
754,1204.847778,1203.389160,1201.480225
755,1218.159180,1222.924072,1216.130005
756,1209.543335,1208.589111,1204.455933
757,1195.401733,1194.196655,1192.645630
758,1199.765137,1206.892334,1203.301025
759,1202.808472,1205.630493,1200.760498
760,1199.903076,1202.005249,1198.740723
761,1191.550293,1194.504761,1191.502686
762,1188.433350,1194.692871,1192.849854
763,1186.313599,1188.700684,1185.969849
764,1187.663452,1187.127930,1184.047119
765,1190.013062,1188.398560,1186.742554
766,1186.736328,1185.731079,1182.830811
767,1183.347046,1178.380371,1177.540039
768,1188.202148,1180.471558,1181.540283
769,1192.599731,1189.981934,1187.475586
770,1195.329956,1186.877808,1185.306763
771,1190.937744,1185.124390,1182.879150
772,1188.708984,1183.463867,1184.264160
773,1186.222534,1180.481934,1180.597412
774,1191.125244,1178.157104,1178.847900
775,1196.002930,1179.081665,1183.542603
776,1207.958862,1200.574951,1201.382202
777,1215.309570,1202.319336,1198.582397
778,1222.892944,1226.482178,1219.112305
779,1228.782227,1230.611206,1226.317627
780,1228.772339,1233.852905,1228.195801
781,1224.872192,1231.122803,1224.370483
782,1222.937378,1226.803345,1221.084106
783,1219.869995,1225.609253,1222.260376
784,1218.701050,1224.903198,1220.478882
785,1216.150757,1220.028564,1217.816284
786,1207.168213,1208.422852,1209.270264
787,1204.690430,1203.331055,1203.024414
788,1204.806641,1202.949097,1203.103271
789,1210.705444,1205.023438,1206.995361
790,1216.410767,1202.933228,1207.397827
791,1215.214844,1204.946533,1205.891357
792,1215.554321,1208.133789,1209.310791
793,1208.935913,1205.007446,1204.738892
794,1212.330322,1206.794067,1207.000732
795,1209.157349,1209.866577,1207.188477
796,1202.619141,1204.140991,1203.721191
797,1202.343384,1205.139648,1204.437622
798,1198.300049,1201.784058,1199.189331
799,1195.315674,1195.639404,1195.830688
800,1204.927856,1206.702759,1209.635864
801,1199.432251,1201.136230,1200.882690
802,1198.614746,1201.210938,1201.586914
803,1204.430786,1205.454590,1206.037842
804,1212.269531,1214.986694,1215.028931
805,1211.087769,1211.895508,1209.961426
806,1209.020386,1207.617310,1207.599609
807,1201.080444,1197.817505,1199.602539
808,1196.837524,1189.827271,1193.178833
809,1198.896973,1195.231567,1197.077515
810,1200.133667,1200.347290,1199.605347
811,1195.631836,1194.220093,1194.538940
812,1192.633301,1190.292480,1191.868408
813,1188.137695,1186.009033,1188.053467
814,1192.623047,1191.530273,1191.347046
815,1188.466187,1187.318481,1189.093140
816,1183.860474,1182.463623,1182.767212
817,1180.780396,1181.989380,1181.631714
818,1181.376221,1181.191040,1182.607056
819,1183.737793,1182.993652,1182.774048
820,1183.423218,1182.136353,1183.898193
821,1182.897705,1183.766602,1181.898071
822,1180.108154,1178.800171,1178.998291
823,1182.500000,1183.963989,1181.868042
824,1188.227295,1190.240601,1187.202271
825,1187.674805,1187.885376,1186.622925
826,1179.284790,1177.988281,1178.952637
827,1173.691162,1171.690186,1171.025513
828,1170.419922,1165.510620,1167.768311
829,1179.730835,1175.214844,1176.247559
830,1182.118774,1175.990479,1180.730225
831,1181.328857,1175.061523,1177.460449
832,1182.081543,1173.451660,1176.661499
833,1185.296021,1179.083984,1180.305054
834,1197.699585,1194.482422,1193.792236
835,1200.108887,1200.105469,1197.272827
836,1198.723633,1199.089233,1197.302979
837,1195.729736,1195.240479,1193.807739
838,1192.770264,1193.536987,1192.149658
839,1196.225098,1194.933105,1193.818604
840,1199.979980,1200.073242,1197.508301
841,1195.316406,1193.299927,1193.603271
842,1193.373291,1191.597046,1191.014893
843,1196.000732,1191.005249,1191.234497
844,1198.514526,1194.856567,1196.444214
845,1198.175171,1195.700806,1196.541992
846,1193.519287,1187.249878,1188.255249
847,1191.414062,1186.628296,1187.937012
848,1186.226929,1178.664062,1183.497925
849,1191.795654,1183.505859,1184.857544
850,1192.204346,1187.613281,1187.272339
851,1187.816772,1183.706299,1182.471924
852,1180.001099,1179.407715,1176.962524
853,1175.520386,1178.157471,1175.550049
854,1176.291016,1180.246826,1176.485718
855,1179.479248,1180.375122,1180.205078
856,1182.614746,1183.389160,1183.635620
857,1184.337158,1182.595215,1181.976318
858,1185.155151,1178.853760,1182.348999
859,1185.299683,1178.326904,1180.709961
860,1187.138794,1177.464478,1179.065918
861,1184.723267,1175.568115,1177.918945
862,1183.307373,1174.269043,1176.071655
863,1189.266602,1182.436401,1184.177856
864,1203.525146,1201.597412,1200.963501
865,1211.187134,1208.078979,1210.981934
866,1214.241821,1212.864258,1212.161499
867,1216.642334,1218.721313,1215.096313
868,1213.282959,1215.719482,1212.290405
869,1222.176636,1221.275269,1219.518555
870,1228.010254,1226.713623,1223.910400
871,1218.367065,1218.896973,1215.666626
872,1211.867432,1211.118896,1210.447876
873,1206.228638,1206.211304,1204.981689
874,1209.146729,1205.988892,1207.434082
875,1212.387085,1206.001099,1210.105713
876,1201.638062,1193.980957,1201.232788
877,1200.378418,1193.430420,1198.010254
878,1195.287720,1187.807251,1194.786499
879,1202.339722,1195.318359,1201.364990
880,1202.756714,1198.464722,1202.144775
881,1200.925293,1196.711792,1200.551636
882,1195.246582,1192.681763,1195.153687
883,1197.536743,1194.949341,1198.196289
884,1201.103027,1197.965942,1202.642456
885,1200.479614,1196.766479,1201.570068
886,1204.654785,1199.069702,1205.024414
887,1206.479614,1200.458008,1206.038574
888,1212.048462,1208.229614,1211.319214
889,1218.518921,1215.199585,1216.727661
890,1225.370361,1225.027100,1226.461914
891,1223.617676,1223.310669,1224.966675
892,1224.649292,1225.689941,1224.529419
893,1219.763672,1221.879150,1221.168213
894,1226.681763,1227.160034,1225.806641
895,1213.937744,1214.026611,1214.442627
896,1207.229370,1203.341431,1205.260742
897,1192.471924,1186.744263,1192.433228
898,1183.593994,1174.817017,1181.864746
899,1184.703247,1175.960205,1181.718018
900,1190.478882,1177.685303,1185.210205
901,1192.251221,1179.584839,1186.978149
902,1195.471924,1186.474731,1187.976562
903,1196.391846,1187.526245,1192.443726
904,1197.910767,1191.837891,1194.309692
905,1198.857666,1197.186768,1197.468018
906,1196.286621,1195.454956,1197.293335
907,1186.473389,1184.618286,1186.376709
908,1187.671875,1184.893555,1186.589355
909,1193.450806,1189.688232,1191.420532
910,1203.431519,1198.258545,1197.731079
911,1206.051392,1207.587524,1202.991821
912,1201.037476,1203.407593,1197.857788
913,1208.813965,1212.369995,1207.296143
914,1210.338623,1214.111450,1209.321899
915,1219.684326,1222.307739,1216.313232
916,1209.956665,1209.224121,1206.286743
917,1212.066284,1210.389404,1206.867920
918,1218.460327,1218.033447,1213.709839
919,1215.750488,1215.111816,1211.245361
920,1216.603027,1216.117188,1214.731445
921,1208.199585,1207.963379,1207.111816
922,1203.538208,1201.087158,1201.086792
923,1202.681396,1197.107788,1198.130981
924,1210.225464,1209.165283,1206.528442
925,1221.377319,1217.895996,1215.285522
926,1221.768799,1217.240601,1218.989746
927,1214.843384,1216.592896,1213.260010
928,1216.840454,1221.371826,1216.775879
929,1215.798584,1219.011108,1217.599121
930,1212.519653,1213.225342,1213.475464
931,1203.411865,1202.495483,1204.407104
932,1199.120483,1198.067139,1197.562622
933,1199.386719,1193.867065,1196.037109
934,1205.161743,1204.477417,1203.312256
935,1209.188965,1210.520630,1207.484131
936,1211.380859,1211.386963,1211.325806
937,1212.618408,1210.456177,1210.392456
938,1207.810669,1210.333008,1207.865723
939,1215.305908,1218.988281,1215.980957
940,1225.895508,1229.075806,1227.543701
941,1217.590332,1223.182495,1219.620117
942,1207.290283,1215.672363,1208.684814
943,1211.645630,1217.656006,1214.644043
944,1211.833252,1218.168091,1214.046631
945,1212.506958,1218.734375,1215.502075
946,1206.717407,1209.458130,1208.275146
947,1196.583374,1193.469727,1196.369873
948,1202.879883,1204.177612,1203.123413
949,1201.678467,1206.124878,1202.179565
950,1204.837524,1208.112305,1204.317139
951,1203.630005,1207.454102,1203.300049
952,1197.690063,1205.788208,1197.315063
953,1194.322998,1198.051514,1192.864502
954,1190.540039,1188.605225,1187.240479
955,1193.493774,1195.686768,1193.279785
956,1190.484009,1190.012207,1188.219360
957,1187.871094,1188.301880,1187.782471
958,1180.194824,1182.228027,1180.396362
959,1180.322266,1181.537598,1181.774292
960,1186.354736,1192.326782,1193.628784
961,1180.961060,1183.307739,1185.129883
962,1172.577881,1164.793457,1168.065430
963,1180.918457,1181.617065,1184.486938
964,1189.692993,1195.252197,1198.771484
965,1179.674805,1173.759644,1178.104980
966,1181.505859,1180.270508,1186.427368
967,1180.767334,1177.614502,1181.463989
968,1178.034912,1178.807373,1182.798462
969,1181.497437,1182.868530,1184.885010
970,1194.992676,1194.317871,1196.547485
971,1198.515259,1197.360107,1199.880249
972,1185.462524,1183.229980,1184.266846
973,1191.984009,1191.485962,1193.685303
974,1193.780029,1190.511475,1194.000366
975,1188.848877,1184.550659,1187.394165
976,1187.851074,1187.400635,1187.319824
977,1185.246582,1182.058105,1186.816528
978,1180.851807,1177.356689,1182.670776
979,1188.328491,1188.083374,1187.657837
980,1189.415161,1189.184204,1191.157593
981,1190.948608,1189.020142,1190.128540
982,1189.934814,1190.549683,1190.398193
983,1186.369995,1188.893677,1187.267212
984,1186.598999,1187.190796,1185.688599
985,1189.356567,1190.562866,1190.270874
986,1184.857666,1184.445435,1185.005005
987,1174.909668,1177.186768,1177.817871
988,1172.473755,1175.179810,1174.756348
989,1173.484741,1178.051392,1176.758789
990,1172.841187,1174.918335,1176.348511
991,1171.192261,1171.947144,1173.000366
992,1171.333618,1178.478760,1179.180298
993,1176.050293,1184.895020,1183.210938
994,1175.751953,1182.074219,1181.808228
995,1180.429688,1187.876465,1187.789185
996,1191.484009,1201.976685,1197.405029
997,1182.884155,1190.288330,1189.525757
998,1179.460327,1184.635010,1183.403076
999,1192.111450,1197.666992,1198.026978
1000,1193.684937,1198.365234,1199.573242
1001,1199.765503,1207.191040,1207.389648
1002,1199.280029,1213.083740,1211.084839
1003,1196.770996,1204.352661,1204.044556
1004,1211.058594,1225.007446,1224.613892
1005,1218.197388,1238.296753,1237.530518
1006,1224.427124,1246.118530,1243.564209
1007,1227.630737,1248.737793,1243.919678
1008,1225.389282,1242.812866,1239.790894
1009,1227.887085,1242.342407,1243.068237
1010,1233.595825,1244.006836,1243.254883
1011,1232.940674,1244.356812,1243.437622
1012,1229.973022,1237.606689,1239.191528
1013,1240.062988,1244.226562,1247.778442
1014,1240.317505,1247.742798,1248.114746
1015,1237.358032,1245.115356,1243.447266
1016,1244.773438,1253.485718,1252.776123
1017,1244.315308,1252.029175,1251.692139
1018,1233.753052,1238.808960,1239.125366
1019,1235.430054,1241.618164,1241.708740
1020,1241.895142,1246.365234,1247.776123
1021,1232.954102,1235.030273,1236.728882
1022,1225.604858,1225.337402,1226.106812
1023,1226.662476,1235.210693,1231.204712
1024,1232.095825,1239.909058,1237.414551
1025,1228.135132,1233.195435,1232.581665
1026,1224.951172,1228.386353,1226.029419
1027,1222.515991,1228.623535,1223.450928
1028,1199.328857,1201.583862,1200.225464
1029,1192.985474,1198.255859,1196.950806
1030,1196.060059,1198.409180,1200.314819
1031,1186.495605,1193.759033,1193.412598
1032,1171.718872,1170.967651,1174.394897
1033,1178.188599,1181.771484,1183.134399
1034,1184.617676,1187.843628,1189.641602
1035,1184.627808,1188.832764,1192.198364
1036,1190.549927,1188.993042,1190.347168
1037,1191.608521,1186.861938,1188.205078
1038,1190.347778,1187.291748,1186.900146
1039,1202.079712,1187.885742,1189.041016
1040,1205.546997,1190.734741,1192.772339
1041,1205.252319,1191.086426,1191.571289
1042,1203.676636,1184.872192,1188.304199
1043,1200.772339,1190.237793,1189.091797
1044,1195.210449,1188.905396,1188.305054
1045,1200.148560,1197.679199,1198.828369
1046,1201.913696,1198.313477,1198.254517
1047,1193.004761,1188.924194,1188.223999
1048,1190.309570,1182.548828,1182.281372
1049,1198.150024,1195.976685,1193.928833
1050,1197.166016,1194.412598,1193.401855
1051,1191.769531,1192.143555,1190.877686
1052,1189.178101,1192.298340,1193.231689
1053,1188.229370,1189.406006,1190.170532
1054,1192.447876,1201.098633,1198.581055
1055,1197.156616,1206.279907,1204.985840
1056,1192.135132,1200.536133,1198.695312
1057,1187.057495,1193.960205,1195.776855
1058,1177.079712,1186.340454,1187.645142
1059,1166.222534,1167.422852,1171.839600
1060,1165.315308,1161.142822,1164.030396
1061,1165.117676,1159.912598,1161.325562
1062,1157.953003,1149.302734,1148.067017
1063,1161.178467,1154.352417,1154.061890
1064,1165.835815,1160.000000,1157.354004
1065,1162.358643,1158.992554,1157.597290
1066,1161.025879,1158.022827,1155.689941
1067,1164.312866,1164.466064,1163.781982
1068,1167.497070,1170.296631,1169.498779
1069,1167.843750,1165.549805,1170.250122
1070,1172.682495,1170.950684,1172.614136
1071,1177.093628,1174.302368,1175.781372
1072,1173.858032,1177.288452,1178.907593
1073,1167.294189,1169.010132,1173.177002
1074,1181.420288,1187.653076,1187.591187
1075,1188.919556,1196.508789,1193.256836
1076,1190.116577,1197.859497,1193.584839
1077,1179.944336,1184.668091,1183.473511
1078,1186.064819,1190.798340,1189.937866
1079,1185.080444,1185.648315,1184.684082
1080,1188.543701,1185.595947,1187.238159
1081,1185.535278,1182.798218,1183.088501
1082,1184.928589,1182.927856,1182.121948
1083,1176.017822,1170.673340,1173.016235
1084,1175.486206,1169.247559,1170.553467
1085,1178.538208,1171.403442,1174.385376
1086,1182.603760,1169.824707,1173.965332
1087,1184.861572,1171.404297,1173.363403
1088,1182.928223,1168.699829,1171.530273
1089,1190.647461,1175.448242,1178.070557
1090,1200.597900,1182.295898,1188.213257
1091,1201.114014,1189.042480,1189.629639
1092,1191.963623,1175.782104,1176.847778
1093,1187.465088,1169.327148,1172.775757
1094,1192.345215,1176.110107,1177.023682
1095,1186.374390,1170.630005,1175.753296
1096,1181.853271,1163.425293,1170.601807
1097,1179.761841,1167.679688,1170.001465
1098,1176.063721,1164.396118,1166.853516
1099,1177.074341,1164.599609,1169.256226
1100,1181.197021,1169.424438,1173.553955
1101,1183.325928,1168.592773,1172.961426
1102,1179.746948,1163.850952,1169.144409
1103,1179.445679,1165.679199,1169.782471
1104,1183.509888,1172.724609,1176.074341
1105,1189.864868,1179.546265,1180.531128
1106,1190.049561,1187.028076,1186.445312
1107,1189.232666,1189.993164,1188.936401
1108,1189.391113,1192.788086,1190.790283
1109,1195.782959,1200.106567,1196.005005
1110,1197.664185,1202.450928,1200.561523
1111,1195.034912,1197.070190,1196.811646
1112,1192.426392,1194.268311,1193.376099
1113,1190.450806,1193.058228,1192.261597
1114,1196.705078,1199.468384,1196.192261
1115,1197.070312,1199.179688,1198.333496
1116,1197.035278,1196.028687,1196.703247
1117,1193.687500,1191.116211,1190.227417
1118,1190.699951,1182.319214,1184.468506
1119,1194.679932,1183.966187,1184.976074
1120,1202.802979,1190.617798,1192.739990
1121,1202.742188,1190.305054,1191.407959
1122,1197.217041,1179.108521,1181.903320
1123,1195.480347,1177.110840,1179.801147
1124,1200.132568,1180.140259,1182.817261
1125,1207.854736,1188.414429,1189.595947
1126,1203.430054,1186.011108,1187.392212
1127,1202.334351,1187.367310,1188.780151
1128,1202.878052,1182.621826,1185.355957
1129,1207.493408,1191.677002,1192.611206
1130,1209.639526,1189.848145,1192.212769
1131,1209.718872,1190.478516,1193.187988
1132,1207.282593,1185.118530,1186.811646
1133,1201.744385,1184.608521,1188.094604
1134,1210.017822,1192.286621,1196.443359
1135,1210.297119,1197.367310,1199.213135
1136,1214.766968,1201.633789,1206.380005
1137,1206.191895,1198.369385,1200.745850
1138,1208.788818,1202.453613,1205.166504
1139,1211.725830,1207.735962,1208.677246
1140,1213.850342,1209.559692,1210.006348
1141,1217.901001,1215.693115,1216.105103
1142,1217.746582,1218.984619,1216.809326
1143,1219.038574,1219.054199,1216.989746
1144,1353.484375,1355.092773,1353.173706
